State,District,Latitude,Longitude,District code,Population,Households_with_Internet,sex_ratio,literacy_rate
Andhra Pradesh,Adilabad,19.28451395,78.81321233,532,2741239,5512,100,54
Andhra Pradesh,Anantapur,14.31206556,77.46015845,553,4081148,8606,98,57
Andhra Pradesh,Chittoor,13.33109263,78.92763899,554,4174064,13763,100,64
Andhra Pradesh,East Godavari,16.78271832,82.24320747,545,5154296,22411,101,64
Andhra Pradesh,Guntur,15.88492577,80.58657614,548,4887813,19383,100,61
Andhra Pradesh,Hyderabad,17.38971556,78.46668889,536,3943323,149034,95,73
Andhra Pradesh,Karimnagar,18.51548319,79.43765429,534,3776269,8831,101,58
Andhra Pradesh,Khammam,17.68392133,80.67008644,541,2797370,8628,101,58
Andhra Pradesh,Krishna,16.14387275,81.14805061,547,4517398,30438,99,67
Andhra Pradesh,Kurnool,15.43759715,77.90086837,552,4053463,10081,99,52
Andhra Pradesh,Mahbubnagar,16.63954622,77.98933089,538,4053028,6153,98,48
Andhra Pradesh,Medak,17.88930498,78.13778902,535,3033288,8635,99,54
Andhra Pradesh,Nalgonda,17.11325052,79.16984454,539,3488809,7715,98,57
Andhra Pradesh,Nizamabad,18.42948585,78.07523491,533,2551335,5261,104,54
Andhra Pradesh,Prakasam,15.489039,80.1166579,549,3397448,6151,98,56
Andhra Pradesh,Srikakulam,18.570901,84.25874814,542,2703114,3988,101,55
Andhra Pradesh,Vizianagaram,18.28329696,83.45982854,543,2344474,4453,102,53
Andhra Pradesh,Warangal,18.01752609,79.87422029,540,3512576,12952,100,59
Andhra Pradesh,West Godavari,16.63297944,81.45912991,546,3936966,12050,100,67
Arunachal Pradesh,Changlang,27.36048479,96.37552645,253,148226,170,93,49
Arunachal Pradesh,East Kameng,27.37119406,93.04741486,247,78690,57,103,49
Arunachal Pradesh,East Siang,28.15382353,95.06499226,251,99214,450,98,63
Arunachal Pradesh,Kurung Kumey,28.04853352,93.24531994,256,92076,95,103,40
Arunachal Pradesh,Lohit,27.94678527,96.59670771,259,145726,312,91,57
Arunachal Pradesh,Lower Dibang Valley,28.3265173,95.76567336,258,54080,207,93,59
Arunachal Pradesh,Lower Subansiri,27.70849297,93.96226108,255,83030,381,98,65
Arunachal Pradesh,Papum Pare,27.27352972,93.54468184,248,176573,2477,98,69
Arunachal Pradesh,Tawang,27.68068396,91.82504245,245,49977,96,71,52
Arunachal Pradesh,Tirap,26.9440623,95.41470328,254,111975,98,94,43
Arunachal Pradesh,Upper Siang,28.83092449,95.00155765,252,35320,97,89,52
Arunachal Pradesh,Upper Subansiri,28.27719657,93.89914356,249,83448,139,100,54
Arunachal Pradesh,West Kameng,27.46486582,92.6501575,246,83947,202,82,58
Arunachal Pradesh,West Siang,28.10629692,94.53510344,250,112274,303,93,58
Assam,Barpeta,26.42787226,90.9791201,303,1693622,2078,95,53
Assam,Bongaigaon,26.45012522,90.67342962,319,738804,2523,97,59
Assam,Cachar,24.81557067,92.8684965,316,1736617,5316,96,68
Assam,Darrang,26.58463216,92.04141338,325,928500,1166,95,52
Assam,Dhemaji,27.58653344,94.71336909,308,686133,1192,95,62
Assam,Dibrugarh,27.30612284,95.09982823,310,1326335,8817,96,67
Assam,Goalpara,26.01727778,90.59869892,302,1008183,1364,96,56
Assam,Golaghat,26.37721971,93.82583398,313,1066888,3073,96,68
Assam,Hailakandi,24.45749609,92.59154665,318,659296,1211,95,62
Assam,Jorhat,26.76244824,94.30197723,312,1092256,5651,96,73
Assam,Kamrup,26.17093945,91.58863274,321,1517542,3109,95,66
Assam,Karbi Anglong,26.08966455,93.1153657,314,956313,1923,95,58
Assam,Karimganj,24.69660712,92.36794986,317,1228686,1933,96,65
Assam,Kokrajhar,26.49724664,90.13997471,300,887142,1218,96,55
Assam,Lakhimpur,27.14128806,94.07759493,307,1042137,1948,97,66
Assam,Nagaon,26.26462171,92.93061911,305,2823768,5121,96,61
Assam,Nalbari,26.46323768,91.40598521,323,771639,1631,95,69
Assam,Sonitpur,26.73514927,92.85197805,306,1924110,4358,96,58
Assam,Tinsukia,27.53549291,95.69055949,309,1327929,5135,95,60
Bihar,Araria,26.21152812,87.30766555,209,2811569,2561,92,43
Bihar,Aurangabad,24.77429187,84.45986024,235,2540073,2362,93,58
Bihar,Aurangabad,24.77429187,84.45986024,515,3701282,23258,92,68
Maharashtra,Aurangabad,20.09792288,75.32072197,235,2540073,2362,93,58
Maharashtra,Aurangabad,20.09792288,75.32072197,515,3701282,23258,92,68
Bihar,Banka,24.83235564,86.86649163,225,2034763,1704,91,47
Bihar,Begusarai,25.54302613,86.12560144,222,2970541,4644,89,52
Bihar,Bhagalpur,25.27719289,87.04213814,224,3037766,6764,88,52
Bihar,Bhojpur,25.50666439,84.49407803,231,2728407,3661,91,59
Bihar,Buxar,25.48593019,84.08808082,232,1706352,1784,92,58
Bihar,Darbhanga,26.14618772,85.97387352,215,3937385,6280,91,46
Bihar,Gaya,24.72665415,84.94291218,236,4391418,6856,94,52
Bihar,Gopalganj,26.44874364,84.34636127,217,2562012,3707,102,54
Bihar,Jamui,24.7841838,86.26316298,238,1760405,1839,92,49
Bihar,Jehanabad,25.15567905,84.92081245,239,1125313,1106,92,55
Bihar,Katihar,25.56565356,87.70466084,212,3071029,2941,92,42
Bihar,Khagaria,25.53558891,86.56593256,223,1666886,1580,89,46
Bihar,Kishanganj,26.32433676,87.95045007,210,1690400,1093,95,44
Bihar,Lakhisarai,25.18344932,86.12825701,227,1000912,1186,90,51
Bihar,Madhepura,25.77341929,86.8978444,213,2001762,1397,91,42
Bihar,Madhubani,26.41380538,86.1632836,207,4487379,5319,93,48
Bihar,Munger,25.19853796,86.54173673,226,1367765,2653,88,59
Bihar,Muzaffarpur,26.18664417,85.32745092,216,4801062,10290,90,52
Bihar,Nalanda,25.22934551,85.48053114,229,2877653,4156,92,53
Bihar,Nawada,24.82570884,85.61594569,237,2219146,1841,94,49
Bihar,Pashchim Champaran,27.16064352,84.30265912,203,3935042,3495,91,45
Bihar,Patna,25.40297115,85.31984336,230,5838465,40692,90,59
Bihar,Purba Champaran,26.68129337,85.00382156,204,5099371,7719,90,45
Bihar,Purnia,25.81714802,87.40447607,211,3264619,4170,92,41
Bihar,Rohtas,24.99170461,83.93507627,234,2959918,4594,92,61
Bihar,Saharsa,25.8212707,86.5467082,214,1900661,1668,91,42
Bihar,Samastipur,25.79320556,85.94833323,221,4261566,5379,91,50
Bihar,Saran,25.89656078,84.82266287,219,3951862,4509,95,55
Bihar,Sheikhpura,25.12472437,85.77839391,228,636342,631,93,52
Bihar,Sheohar,26.45838075,85.29539412,205,656246,478,89,43
Bihar,Sitamarhi,26.5657007,85.61172491,206,3423574,3460,90,42
Bihar,Siwan,26.1736372,84.33766553,218,3330464,3834,99,58
Bihar,Supaul,26.28157894,86.78496465,208,2229076,1845,93,46
Bihar,Vaishali,25.81347032,85.39247597,220,3495021,4810,89,55
Chandigarh,Chandigarh,30.7426,76.75872466,55,1055450,44283,82,76
Chhattisgarh,Bastar,19.39386675,81.52895127,414,1413199,1782,102,46
Chhattisgarh,Bilaspur,22.35694298,81.99770351,30,381956,1574,98,75
Chhattisgarh,Bilaspur,22.35694298,81.99770351,406,2663629,8566,97,60
Himachal Pradesh,Bilaspur,31.37804229,76.65316079,30,381956,1574,98,75
Himachal Pradesh,Bilaspur,31.37804229,76.65316079,406,2663629,8566,97,60
Chhattisgarh,Dhamtari,20.55491263,81.75691955,412,799781,1016,101,68
Chhattisgarh,Durg,21.19446385,81.3318164,409,3343872,16141,99,69
Chhattisgarh,Jashpur,22.77286168,83.87039621,402,851669,567,101,58
Chhattisgarh,Korba,22.4917125,82.57604327,404,1206640,4544,97,62
Chhattisgarh,Koriya,23.50412777,82.12515636,400,658917,1667,97,60
Chhattisgarh,Mahasamund,21.22372704,82.65925427,411,1032754,961,102,62
Chhattisgarh,Raigarh,22.00826507,83.27797699,403,1493984,3342,99,64
Chhattisgarh,Raigarh,22.00826507,83.27797699,520,2634200,38570,96,74
Maharashtra,Raigarh,18.45325764,73.00906094,403,1493984,3342,99,64
Maharashtra,Raigarh,18.45325764,73.00906094,520,2634200,38570,96,74
Chhattisgarh,Raipur,20.88603154,82.2003276,410,4063872,20261,98,65
Chhattisgarh,Surguja,23.32719279,83.23582494,401,2359886,2737,98,50
Daman and Diu,Daman,20.43161667,72.83923661,495,191173,1316,53,79
Daman and Diu,Junagadh,20.72568199,70.8398564,479,2743082,6628,95,67
Gujarat,Junagadh,20.92952301,70.5473389,479,2743082,6628,95,67
Goa,North Goa,15.54872342,73.80667998,585,818008,23440,96,81
Goa,South Goa,15.19527866,73.9417926,586,640537,17624,99,78
Gujarat,Ahmadabad,22.60542556,72.23898136,474,7214225,126341,90,75
Gujarat,Amreli,21.04832649,71.43457638,480,1514190,2538,96,66
Gujarat,Anand,22.28271821,72.57782052,482,2092745,9902,92,74
Gujarat,Banas Kantha,24.25853897,71.93205253,469,3120506,3424,94,55
Gujarat,Bharuch,21.75787276,72.67326347,488,1551019,10257,93,72
Gujarat,Bhavnagar,21.7021939,72.16272633,481,2880365,7297,93,66
Gujarat,Gandhinagar,23.19367979,72.6722168,473,1391753,12107,92,74
Gujarat,Jamnagar,22.41060041,69.62062006,477,2160119,11573,94,65
Gujarat,Kachchh,23.48057203,68.82192301,468,2092371,9631,91,60
Gujarat,Kheda,22.88765313,73.01880352,483,2299885,5710,94,72
Gujarat,Mahesana,23.52935545,72.45545194,471,2035064,7759,93,74
Gujarat,Narmada,21.70666386,73.68403209,487,590297,576,96,63
Gujarat,Navsari,20.86697332,72.8618487,490,1329672,6726,96,75
Gujarat,Panch Mahals,22.80435607,73.61984598,484,2390776,3456,95,60
Gujarat,Patan,23.80634198,71.75162977,470,1343734,2231,94,62
Gujarat,Porbandar,21.55092352,69.71896988,478,585449,1653,95,67
Gujarat,Rajkot,22.40603378,70.83679439,476,3804558,21785,93,72
Gujarat,Sabar Kantha,23.71803595,73.1363879,472,2428589,5262,95,65
Gujarat,Surat,21.25761373,72.93488716,492,6081322,55694,79,75
Gujarat,Surendranagar,22.82672007,71.48358741,475,1756268,2975,93,62
Gujarat,The Dangs,20.80163388,73.68835184,489,228291,137,101,62
Gujarat,Vadodara,22.26133739,73.4943301,486,4165626,53606,93,69
Gujarat,Valsad,20.44238232,72.91485848,491,1705678,11020,92,69
Haryana,Ambala,30.35036723,76.94970311,70,1128350,12899,88,72
Haryana,Bhiwani,28.72886806,76.02110226,81,1634445,5292,89,65
Haryana,Faridabad,28.1487311,77.32718537,88,1809733,43437,87,70
Haryana,Fatehabad,29.57298319,75.54608717,78,942011,3210,90,59
Haryana,Gurgaon,28.04389479,77.0193513,86,1514432,67087,85,73
Haryana,Hisar,29.23628731,75.84324683,80,1743931,10132,87,64
Haryana,Jhajjar,28.59651868,76.61137143,83,958405,5034,86,71
Haryana,Jind,29.45149822,76.29598576,77,1334152,5263,87,62
Haryana,Kaithal,29.96068539,76.3769893,73,1074304,3724,88,60
Haryana,Karnal,29.70320065,76.87488026,74,1505324,11163,89,65
Haryana,Kurukshetra,30.0565266,76.7877468,72,964655,7356,89,67
Haryana,Mahendragarh,28.13521615,76.14018073,84,922088,2624,89,68
Haryana,Panchkula,30.70089714,76.97173238,69,561293,18615,87,72
Haryana,Panipat,29.34352134,76.92895915,75,1205437,10024,86,65
Haryana,Rewari,28.19164715,76.55956008,85,900332,5121,90,71
Haryana,Rohtak,28.89251765,76.53123235,82,1061204,8482,87,70
Haryana,Sirsa,29.63583446,74.9097048,79,1295189,6287,90,60
Himachal Pradesh,Chamba,32.66741815,76.39354063,23,519080,1615,99,62
Himachal Pradesh,Hamirpur,31.67668481,76.49767089,28,454768,2521,110,79
Himachal Pradesh,Hamirpur,31.67668481,76.49767089,168,1104285,1196,86,59
Uttar Pradesh,Hamirpur,25.73815838,79.8261948,28,454768,2521,110,79
Uttar Pradesh,Hamirpur,25.73815838,79.8261948,168,1104285,1196,86,59
Himachal Pradesh,Kangra,32.14093603,76.41205911,24,1510075,8053,101,76
Himachal Pradesh,Kinnaur,31.60667184,78.51613736,34,84121,354,82,72
Himachal Pradesh,Kullu,31.90911922,77.40922649,26,437903,2623,94,70
Himachal Pradesh,Mandi,31.63580594,76.96556931,27,999777,5333,101,72
Himachal Pradesh,Shimla,31.15572545,77.62573042,33,814010,9177,92,75
Himachal Pradesh,Sirmaur,30.68276445,77.4318469,32,529855,2220,92,68
Himachal Pradesh,Solan,31.03864312,76.94442141,31,580320,5250,88,74
Himachal Pradesh,Una,31.58330388,76.18353932,29,521173,2412,98,77
Jammu and Kashmir,Doda,33.35961468,76.0716372,16,409936,596,92,53
Jammu and Kashmir,Jammu,32.7131991,74.84775204,21,1529958,19905,88,74
Jammu and Kashmir,Kargil,33.56599489,76.63675315,4,140802,235,81,61
Jammu and Kashmir,Kathua,32.51781678,75.58901399,7,616435,1443,89,63
Jammu and Kashmir,Pulwama,33.88414419,75.0092186,12,560440,1537,91,52
Jammu and Kashmir,Punch,33.79124129,74.29593161,5,476835,346,89,55
Jammu and Kashmir,Srinagar,34.27312899,75.11021159,10,1236829,16413,90,61
Jammu and Kashmir,Udhampur,33.04770671,75.15286951,19,554985,1214,87,58
Jharkhand,Bokaro,23.6814965,85.98398374,355,2062330,9754,92,62
Jharkhand,Chatra,24.11619946,84.93295805,347,1042886,590,95,49
Jharkhand,Deoghar,24.33070101,86.75697632,350,1492073,1944,93,53
Jharkhand,Dhanbad,23.85450909,86.40372925,354,2684487,11568,91,64
Jharkhand,Dumka,24.27500613,87.2766245,362,1321442,1193,98,51
Jharkhand,Garhwa,24.08211469,83.68664266,346,1322784,565,94,49
Jharkhand,Giridih,24.3057851,86.08710916,349,2445474,1944,94,51
Jharkhand,Godda,24.8189,87.29417355,351,1313551,874,94,46
Jharkhand,Gumla,23.07853295,84.55056787,366,1025213,831,99,55
Jharkhand,Jamtara,23.97873318,86.9532508,363,791042,808,95,54
Jharkhand,Latehar,23.72511186,84.48298743,359,726978,340,97,48
Jharkhand,Lohardaga,23.48879604,84.66051691,356,461790,351,99,56
Jharkhand,Pakur,24.57260428,87.69691969,353,900422,328,99,39
Jharkhand,Palamu,24.19692597,84.20310843,358,1939869,2155,93,53
Jharkhand,Ranchi,23.18423506,85.31781937,364,2914253,22538,95,66
Jharkhand,Sahibganj,24.9366799,87.68264098,352,1150567,591,95,42
Jharkhand,Simdega,22.60876039,84.59193692,367,599578,423,100,57
Karnataka,Bagalkot,16.15860676,75.64526071,556,1889752,3745,99,59
Karnataka,Bangalore Rural,12.93682709,77.47369315,583,990923,3729,95,70
Karnataka,Belgaum,16.16107219,74.72329042,555,4779661,17560,97,64
Karnataka,Bellary,15.07437755,76.47228471,565,2452595,9626,98,58
Karnataka,Bidar,17.95036173,77.19459962,558,1703300,3971,96,61
Karnataka,Bijapur,16.84015317,75.95909167,417,255230,117,98,34
Karnataka,Bijapur,16.84015317,75.95909167,557,2177331,4987,96,57
Karnataka,Chikmagalur,13.42528829,75.67626502,570,1137961,4510,101,72
Karnataka,Chitradurga,14.2910222,76.57821957,566,1659456,5711,97,66
Karnataka,Davanagere,14.33041459,75.91723841,567,1945497,7320,97,67
Karnataka,Dharwad,15.34383138,75.13831264,562,1847023,15013,97,70
Karnataka,Gadag,15.50712826,75.64861303,561,1064570,3373,98,66
Karnataka,Gulbarga,17.07045952,76.8750385,579,2566326,9752,97,56
Karnataka,Hassan,12.94509875,76.1104955,574,1776421,4851,101,69
Karnataka,Haveri,14.73758281,75.39612306,564,1597668,2456,95,68
Karnataka,Kodagu,12.39684468,75.79336596,576,554519,3308,102,74
Karnataka,Kolar,13.31279988,78.01376948,581,1536401,5051,98,66
Karnataka,Koppal,15.65125327,76.16170486,560,1389920,2135,99,58
Karnataka,Mandya,12.57490181,76.81570099,573,1805769,3367,100,64
Karnataka,Mysore,12.24810026,76.52881803,577,3001127,28397,99,65
Karnataka,Raichur,16.05079535,76.87368606,559,1928812,5200,100,51
Karnataka,Shimoga,14.06384589,75.17882078,568,1752753,8791,100,72
Karnataka,Tumkur,13.59246776,77.02297966,571,2678980,7971,98,68
Karnataka,Udupi,13.45040423,74.7200999,569,1177361,9070,109,79
Kerala,Alappuzha,9.542602966,76.38010796,598,2127789,28842,110,87
Kerala,Ernakulam,10.0048793,76.26957729,595,3282388,88737,103,87
Kerala,Idukki,9.804809639,77.04586642,596,1108974,8250,101,83
Kerala,Kannur,11.94152308,75.35209892,589,2523003,32653,114,85
Kerala,Kasaragod,12.3331031,75.07768497,588,1307375,10378,108,79
Kerala,Kollam,8.929388821,76.63607759,600,2635375,31542,111,85
Kerala,Kottayam,9.643701174,76.46059673,597,1974551,37849,104,89
Kerala,Kozhikode,11.39292427,75.7115872,591,3086293,36791,110,85
Kerala,Malappuram,10.97329876,75.93910776,592,4112920,27909,110,81
Kerala,Palakkad,10.7849269,76.49980491,593,2809934,27162,107,80
Kerala,Thiruvananthapuram,8.537101759,76.88711503,601,3301427,71621,109,84
Kerala,Thrissur,10.45893265,76.12321941,594,3121200,56148,111,86
Kerala,Wayanad,11.71527746,76.07587007,590,817420,4712,103,79
Madhya Pradesh,Anuppur,23.1818422,81.8656,461,749237,1290,98,58
Madhya Pradesh,Ashoknagar,24.63098846,77.82974494,459,845071,619,90,56
Madhya Pradesh,Balaghat,21.80020721,80.42170053,457,1701698,1712,102,67
Madhya Pradesh,Barwani,21.70213571,74.9100472,441,1385881,1158,98,40
Madhya Pradesh,Betul,21.96462632,77.78734282,447,1575362,2109,97,60
Madhya Pradesh,Bhind,26.35951126,78.76183243,420,1703005,1166,84,64
Madhya Pradesh,Bhopal,23.48072614,77.39246623,444,2371061,40788,92,70
Madhya Pradesh,Burhanpur,21.36456725,76.24460479,467,757847,986,95,54
Madhya Pradesh,Chhatarpur,24.81363738,79.56449299,425,1762375,1880,88,54
Madhya Pradesh,Chhindwara,22.22796697,78.76413136,455,2090922,3588,96,62
Madhya Pradesh,Damoh,23.76624408,79.47049303,428,1264219,1432,91,59
Madhya Pradesh,Datia,25.9022644,78.63916571,422,786754,616,87,62
Madhya Pradesh,Dewas,22.785111,76.46088806,437,1563715,3518,94,59
Madhya Pradesh,Dhar,22.57268172,75.11056207,438,2185793,2388,96,49
Madhya Pradesh,Dindori,22.83738437,81.04332967,453,704524,554,100,54
Madhya Pradesh,Guna,24.49043927,77.2235896,458,1241519,2482,91,53
Madhya Pradesh,Gwalior,26.04074442,78.12782433,421,2032036,15779,86,67
Madhya Pradesh,Harda,22.22765978,77.07022572,448,570465,986,93,62
Madhya Pradesh,Hoshangabad,22.5952688,78.02168095,449,1241350,2871,91,65
Madhya Pradesh,Indore,22.68026575,75.91338013,439,3276697,48691,93,70
Madhya Pradesh,Jabalpur,23.18525572,79.98328755,451,2463289,20443,93,71
Madhya Pradesh,Jhabua,22.41957802,74.40921617,464,1025048,744,99,34
Madhya Pradesh,Katni,23.72441623,80.33819666,450,1292042,2179,95,61
Madhya Pradesh,Mandla,22.70348712,80.38600544,454,1054905,912,101,57
Madhya Pradesh,Mandsaur,24.19278764,75.43588668,433,1340411,2324,96,62
Madhya Pradesh,Morena,26.37313505,77.88447341,419,1965970,1781,84,60
Madhya Pradesh,Neemuch,24.70311893,75.06608187,432,826067,1945,95,62
Madhya Pradesh,Panna,24.45132584,80.21133001,426,1016520,653,91,54
Madhya Pradesh,Raisen,23.29251821,78.16305496,446,1331597,1141,90,62
Madhya Pradesh,Rajgarh,23.78549903,76.66431224,442,1545814,1611,96,52
Madhya Pradesh,Ratlam,23.50356229,75.14895782,434,1455069,3644,97,57
Madhya Pradesh,Rewa,24.86118463,81.57572465,430,2365106,3406,93,61
Madhya Pradesh,Sagar,23.80031871,78.71940358,427,2378458,4546,89,65
Madhya Pradesh,Satna,24.62777622,80.75547049,429,2228935,3754,93,62
Madhya Pradesh,Sehore,22.92971997,77.06780203,445,1311332,1566,92,60
Madhya Pradesh,Seoni,22.33230488,79.66053864,456,1379131,1182,98,63
Madhya Pradesh,Shahdol,23.44859865,81.45968318,460,1066063,1733,97,57
Madhya Pradesh,Shajapur,23.56662032,76.33555181,436,1512681,1382,94,59
Madhya Pradesh,Sheopur,25.78014811,77.16911117,418,687861,273,90,48
Madhya Pradesh,Shivpuri,25.37802452,77.74861601,423,1726050,1852,88,52
Madhya Pradesh,Sidhi,24.1754719,82.10537834,462,1127033,837,96,53
Madhya Pradesh,Tikamgarh,25.14099852,78.89357065,424,1445166,1090,90,52
Madhya Pradesh,Ujjain,23.31928886,75.80383718,435,1986864,7501,96,62
Madhya Pradesh,Umaria,23.59601063,80.90879477,431,644758,839,95,55
Madhya Pradesh,Vidisha,23.82838308,77.90135076,443,1458875,1926,90,59
Maharashtra,Akola,20.74631048,77.1212232,501,1813906,6163,95,78
Maharashtra,Amravati,21.16520992,77.67583503,503,2888445,9438,95,78
Maharashtra,Bhandara,21.21179265,80.109502,506,1200334,2932,98,75
Maharashtra,Bid,18.95235334,75.69319706,523,2585049,5614,92,66
Maharashtra,Buldana,20.56680611,76.3901788,500,2586258,4767,93,73
Maharashtra,Chandrapur,20.09560909,79.3155638,509,2204307,8239,96,72
Maharashtra,Dhule,21.27401869,74.58719072,498,2050862,6065,95,63
Maharashtra,Gondiya,21.22500841,80.17522699,507,1322507,2866,100,76
Maharashtra,Hingoli,19.59525302,77.09239413,512,1177345,1221,94,67
Maharashtra,Jalgaon,20.88289434,75.55140422,499,4229917,14297,92,68
Maharashtra,Jalna,19.98461253,75.98473607,514,1959046,3791,94,61
Maharashtra,Kolhapur,16.44881302,74.12897151,530,3876001,22269,96,73
Maharashtra,Latur,18.34868727,76.75812608,524,2454196,6217,93,67
Maharashtra,Nagpur,21.19655686,79.02166176,505,4653570,57964,95,79
Maharashtra,Nanded,19.20931698,77.6829049,511,3361292,7548,94,65
Maharashtra,Nandurbar,21.52317563,74.32638757,497,1648295,2579,98,55
Maharashtra,Nashik,20.26691287,74.03824168,516,6107187,45039,93,71
Maharashtra,Osmanabad,18.19459456,75.99495575,525,1657576,3209,92,69
Maharashtra,Parbhani,19.31032425,76.70163339,513,1836086,3982,95,63
Maharashtra,Pune,18.51696171,74.12922882,521,9429408,235018,91,76
Maharashtra,Ratnagiri,17.21019507,73.25725894,528,1615069,7752,112,74
Maharashtra,Sangli,17.15493018,74.70713823,531,2822143,13212,97,73
Maharashtra,Satara,17.6737909,74.18052064,527,3003741,14093,99,74
Maharashtra,Sindhudurg,16.17094805,73.51329008,529,849651,3517,104,78
Maharashtra,Solapur,17.83735794,75.42394824,526,4317756,15145,94,67
Maharashtra,Thane,19.69876775,72.79882743,517,11060148,256170,89,74
Maharashtra,Wardha,20.80743024,78.57259106,504,1300774,4313,95,78
Maharashtra,Washim,20.28228239,77.25502394,502,1197160,1875,93,73
Maharashtra,Yavatmal,20.04258347,78.05326372,510,2772348,6094,95,73
Manipur,Bishnupur,24.50712112,93.8246236,275,237399,676,100,66
Manipur,Chandel,24.2635813,94.09443844,280,144182,184,93,63
Manipur,Churachandpur,24.30309719,93.38671506,274,274143,837,97,71
Manipur,Senapati,25.08465586,94.03366234,272,479148,256,94,55
Manipur,Tamenglong,24.98312942,93.4945074,273,140651,125,94,60
Manipur,Thoubal,24.54539255,93.97959894,276,422168,880,100,64
Manipur,Ukhrul,25.05900315,94.44129567,279,183998,276,94,71
Meghalaya,East Garo Hills,25.82728228,90.64684925,294,317917,288,97,60
Meghalaya,East Khasi Hills,25.30376389,91.7592252,298,825922,5032,101,70
Meghalaya,Jaintia Hills,25.33959557,92.3760816,299,395124,510,101,47
Meghalaya,South Garo Hills,25.24056858,90.64560349,295,142334,179,95,58
Meghalaya,West Garo Hills,25.49528519,90.03709947,293,643291,1630,98,56
Meghalaya,West Khasi Hills,25.50088993,91.25364542,296,383461,149,98,60
Mizoram,Aizawl,23.90781335,92.85359459,283,400309,4019,101,85
Mizoram,Champhai,23.54166581,93.24221799,284,125745,186,98,80
Mizoram,Kolasib,24.20200043,92.73470391,282,83955,367,96,78
Mizoram,Lawngtlai,22.36102843,92.66964157,287,117894,162,95,53
Mizoram,Lunglei,23.00771704,92.63512555,286,161428,482,95,75
Mizoram,Mamit,23.73852943,92.43308038,281,86364,90,93,70
Mizoram,Saiha,22.35744801,93.02827931,288,56574,168,98,75
Mizoram,Serchhip,23.26386471,92.9141585,285,64937,131,98,84
Nagaland,Dimapur,25.81417681,93.75074058,265,378811,3303,92,73
Nagaland,Kohima,25.60311429,93.78600658,270,267988,1928,93,74
Nagaland,Mokokchung,26.47891176,94.52242601,262,194622,537,93,82
Nagaland,Mon,26.69207374,95.03072989,261,250260,178,90,48
Nagaland,Phek,25.63272987,94.56814564,266,163418,170,95,65
Nagaland,Tuensang,26.21104453,94.85809881,267,196596,155,93,60
Nagaland,Wokha,26.20261155,94.19908152,264,166343,198,97,77
Nagaland,Zunheboto,26.02817821,94.50026667,263,140757,261,98,73
Orissa,Baleshwar,21.48570932,87.08085828,377,2320529,7370,96,70
Orissa,Bhadrak,20.95262735,86.81496205,378,1506337,2637,98,73
Orissa,Cuttack,20.40764065,85.77768102,381,2624470,15046,94,77
Orissa,Dhenkanal,20.79887159,85.53226836,383,1192811,1810,95,70
Orissa,Gajapati,19.12108088,84.14015092,389,577817,635,104,45
Orissa,Ganjam,19.26326176,84.8029771,388,3529031,9049,98,63
Orissa,Jharsuguda,21.82705857,83.93581682,371,579505,2498,95,70
Orissa,Kalahandi,19.78425309,83.11240438,395,1576869,1953,100,51
Orissa,Kandhamal,20.09287862,84.02216353,390,733110,768,104,55
Orissa,Kendrapara,20.60631982,86.83763248,379,1440361,1628,101,76
Orissa,Khordha,20.05416232,85.52234834,386,2251673,35701,93,78
Orissa,Koraput,18.82627795,82.8127847,398,1379647,3988,103,41
Orissa,Malkangiri,18.2522793,81.98293636,399,613192,448,102,40
Orissa,Mayurbhanj,21.89762155,86.40304081,376,2519738,2950,101,54
Orissa,Nayagarh,20.19289562,85.056147,385,962789,1163,92,71
Orissa,Nuapada,20.47130951,82.59152537,394,610382,757,102,49
Orissa,Puri,19.83509175,85.8669899,387,1698730,3416,96,76
Orissa,Rayagada,19.29284002,83.4586012,396,967911,1553,105,42
Orissa,Sambalpur,21.51575238,84.34958483,372,1041099,5231,98,68
Orissa,Sundargarh,22.06354819,84.50524819,374,2093437,12787,97,64
Puducherry,Karaikal,10.87616173,79.82369794,637,200222,1868,105,77
Puducherry,Mahe,12.00642079,75.28275022,636,41816,574,118,87
Puducherry,Yanam,16.70769565,82.26187304,634,55626,207,104,71
Punjab,Amritsar,31.54867982,74.79883857,49,2490656,29961,89,68
Punjab,Bathinda,30.19052461,75.05685898,46,1388525,11284,87,61
Punjab,Faridkot,30.59118725,74.79751554,45,617508,4348,89,62
Punjab,Fatehgarh Sahib,30.64290947,76.36208395,40,600163,5138,87,71
Punjab,Firozpur,30.63407535,74.40245732,43,2029074,10042,89,60
Punjab,Gurdaspur,32.04283371,75.32040644,35,2298323,14428,90,71
Punjab,Hoshiarpur,31.5515717,75.84698574,38,1586625,13747,96,76
Punjab,Jalandhar,31.25033691,75.54400351,37,2193590,39082,92,74
Punjab,Kapurthala,31.33659264,75.47641166,36,815168,9732,91,71
Punjab,Ludhiana,30.76596397,75.83110852,41,3498739,58589,87,73
Punjab,Mansa,29.91954771,75.43049229,47,769751,2673,88,55
Punjab,Moga,30.75654007,75.16008451,42,995746,7897,89,63
Punjab,Muktsar,30.31243303,74.55187477,44,901896,4571,90,58
Punjab,Patiala,30.21454038,76.27505894,48,1895686,24274,89,67
Punjab,Rupnagar,30.91093733,76.53743501,51,684627,6600,92,73
Punjab,Sangrur,30.1850452,75.89437014,53,1655169,10736,89,61
Rajasthan,Ajmer,26.19930038,74.69904192,119,2583052,13499,95,59
Rajasthan,Alwar,27.55271738,76.65359631,104,3674179,9750,89,59
Rajasthan,Banswara,23.45364203,74.44246868,125,1797485,2324,98,46
Rajasthan,Baran,24.98023243,76.86210652,128,1222755,1363,93,57
Rajasthan,Barmer,25.77070908,71.50297126,115,2603751,2766,90,46
Rajasthan,Bharatpur,27.32411858,77.21752077,105,2548462,4179,88,58
Rajasthan,Bhilwara,25.45119768,74.63947596,122,2408523,6207,97,52
Rajasthan,Bikaner,28.12489068,73.26943323,101,2363937,7607,91,54
Rajasthan,Bundi,25.48580716,75.79984074,121,1110906,1392,92,53
Rajasthan,Chittaurgarh,24.63162376,74.80010998,126,1544338,4941,97,53
Rajasthan,Churu,28.29330376,74.65846427,102,2039547,2577,94,56
Rajasthan,Dausa,26.91234818,76.57342097,109,1634409,1719,91,57
Rajasthan,Dhaulpur,26.72397055,77.7447622,106,1206516,1330,85,57
Rajasthan,Dungarpur,23.75104808,73.84765641,124,1388552,1477,99,49
Rajasthan,Ganganagar,29.25678541,73.56192303,99,1969168,6295,89,61
Rajasthan,Hanumangarh,29.18133518,74.74632573,100,1774692,3360,91,58
Rajasthan,Jaipur,27.03345929,75.77117286,110,6626178,76565,91,65
Rajasthan,Jaisalmer,26.86900839,71.18371877,114,669919,754,85,46
Rajasthan,Jalor,25.07578094,72.18647262,116,1828730,1585,95,45
Rajasthan,Jhalawar,24.24725541,76.11242892,129,1411129,1750,95,52
Rajasthan,Jhunjhunun,28.13517401,75.52840894,103,2137045,4828,95,64
Rajasthan,Jodhpur,26.67846084,73.00450847,113,3687165,19335,92,55
Rajasthan,Karauli,26.51901556,76.96081818,107,1458248,1059,86,55
Rajasthan,Kota,25.17571808,76.18618928,127,1951014,12843,91,67
Rajasthan,Nagaur,27.07862016,74.14215667,112,3307743,4449,95,53
Rajasthan,Pali,25.80490394,73.55285641,118,2037573,4043,99,53
Rajasthan,Rajsamand,25.24894767,73.96570216,123,1156597,1989,99,54
Rajasthan,Sawai Madhopur,26.25108118,76.42192839,108,1335551,1887,90,56
Rajasthan,Sikar,27.64644059,75.29317423,111,2677333,5647,95,62
Rajasthan,Sirohi,24.79769053,72.75309132,117,1036346,2146,94,46
Rajasthan,Tonk,26.15393507,75.79192216,120,1421326,1908,95,53
Rajasthan,Udaipur,24.44076752,73.8402984,130,3068420,14211,96,52
Sikkim,East,27.29600353,88.74908392,93,1709346,80037,88,79
Tamil Nadu,Ariyalur,11.19051484,79.22249644,616,754894,1749,101,64
Tamil Nadu,Chennai,13.05809891,80.28139152,603,4646732,217368,99,81
Tamil Nadu,Coimbatore,10.871377,77.07619012,632,3458045,63273,100,76
Tamil Nadu,Cuddalore,11.57587301,79.63002365,617,2605914,15396,99,70
Tamil Nadu,Dharmapuri,12.3001412,78.11509813,630,1506843,3651,95,61
Tamil Nadu,Dindigul,10.37780139,77.7801128,612,2159775,9155,100,69
Tamil Nadu,Erode,11.26701216,77.42034335,610,2251744,18604,99,66
Tamil Nadu,Kancheepuram,12.49642476,80.0882036,604,3998252,100322,99,75
Tamil Nadu,Kanniyakumari,8.1834663,77.32053064,629,1870374,15673,102,83
Tamil Nadu,Karur,10.79532777,78.08749687,613,1064493,4915,102,68
Tamil Nadu,Madurai,9.904313833,78.01366033,623,3038252,34097,99,75
Tamil Nadu,Nagapattinam,10.78946816,79.79437299,618,1616450,5585,103,75
Tamil Nadu,Namakkal,11.33766638,78.14624841,609,1726601,8960,99,68
Tamil Nadu,Perambalur,11.26013776,78.86034012,615,565223,1507,100,66
Tamil Nadu,Pudukkottai,10.13051482,79.05444484,621,1618345,4494,101,69
Tamil Nadu,Ramanathapuram,9.312869952,78.99185362,626,1353445,5172,98,72
Tamil Nadu,Salem,11.6293242,78.2478258,608,3482056,20660,95,66
Tamil Nadu,Sivaganga,9.960306581,78.56535729,622,1339101,5773,100,72
Tamil Nadu,Thanjavur,10.38769226,79.31948691,620,2405890,13495,103,74
Tamil Nadu,Theni,9.924066667,77.43458833,624,1245899,4667,99,70
Tamil Nadu,Thiruvallur,13.2758581,80.19724703,602,3728104,75634,99,75
Tamil Nadu,Thiruvarur,10.36892741,79.60322894,619,1264277,4416,102,75
Tamil Nadu,Tiruvannamalai,12.41931895,79.23265632,606,2464875,6445,99,66
Tamil Nadu,Vellore,12.78488263,79.02643284,605,3936331,20623,101,70
Tamil Nadu,Virudhunagar,9.468872196,77.87641469,625,1942288,10219,101,72
Tripura,Dhalai,23.78136048,91.94654283,291,378230,273,94,73
Tripura,North Tripura,24.12173976,92.17842538,292,693947,997,97,75
Tripura,South Tripura,23.2118741,91.60658076,290,876001,948,96,74
Tripura,West Tripura,23.78016624,91.41310789,289,1725739,6394,96,79
Uttar Pradesh,Agra,26.99512975,78.05278292,146,4418797,27183,87,61
Uttar Pradesh,Aligarh,27.93748577,78.00146831,143,3673889,13634,88,57
Uttar Pradesh,Allahabad,25.39203866,82.05172447,175,5954391,24122,90,62
Uttar Pradesh,Ambedkar Nagar,26.39119026,82.68282143,178,2397888,2509,98,62
Uttar Pradesh,Auraiya,26.66892394,79.42637057,162,1379545,2404,86,67
Uttar Pradesh,Azamgarh,26.00829095,83.01220251,191,4613913,6652,102,60
Uttar Pradesh,Baghpat,29.0457935,77.302663,139,1303048,2989,86,61
Uttar Pradesh,Bahraich,27.6917763,81.46779783,180,3487731,2681,89,40
Uttar Pradesh,Ballia,25.86075638,84.03651979,193,3239774,4672,94,61
Uttar Pradesh,Balrampur,27.44907654,82.47158326,182,2148665,1551,93,40
Uttar Pradesh,Banda,25.3518859,80.52487391,170,1799410,1655,86,56
Uttar Pradesh,Bara Banki,26.92277703,81.35762351,176,3260699,3159,91,52
Uttar Pradesh,Bareilly,28.51101941,79.43187072,150,4448359,15164,89,49
Uttar Pradesh,Basti,26.83388045,82.69790591,185,2464464,3423,96,57
Uttar Pradesh,Bijnor,29.31397426,78.45098815,134,3682713,7303,92,58
Uttar Pradesh,Bulandshahr,28.34875862,78.01082759,142,3499171,7865,90,58
Uttar Pradesh,Chandauli,25.11808596,83.25307063,196,1952756,3492,92,60
Uttar Pradesh,Chitrakoot,25.15992462,81.07666088,171,991730,827,88,54
Uttar Pradesh,Deoria,26.42218857,83.82440707,190,3100946,4469,102,60
Uttar Pradesh,Etah,27.59115531,78.70021858,201,1774480,2635,87,59
Uttar Pradesh,Etawah,26.7881767,79.07621806,161,1581810,2964,87,67
Uttar Pradesh,Faizabad,26.60589185,82.00783531,177,2470996,4746,96,59
Uttar Pradesh,Farrukhabad,27.45063298,79.44062846,159,1885204,2624,87,58
Uttar Pradesh,Fatehpur,25.8374362,80.85416203,172,2632733,3385,90,57
Uttar Pradesh,Firozabad,27.20963993,78.42660625,147,2498156,5834,88,61
Uttar Pradesh,Gautam Buddha Nagar,28.39331104,77.52462468,141,1648115,53181,85,68
Uttar Pradesh,Ghaziabad,28.74997309,77.67441879,140,4681645,78116,88,67
Uttar Pradesh,Ghazipur,25.62472478,83.53608546,195,3620268,5309,95,61
Uttar Pradesh,Gonda,27.15721555,82.0226888,183,3433919,4313,92,49
Uttar Pradesh,Gorakhpur,26.63315887,83.35495604,188,4440895,14597,95,61
Uttar Pradesh,Hardoi,27.33740909,80.26411768,155,4092845,3845,87,54
Uttar Pradesh,Jalaun,26.06795459,79.36686911,165,1689974,2217,87,64
Uttar Pradesh,Jaunpur,25.70141281,82.54315352,194,4494204,8002,102,61
Uttar Pradesh,Jhansi,25.45581535,78.89954581,166,1998603,8517,89,65
Uttar Pradesh,Jyotiba Phule Nagar,28.87049898,78.39009365,137,1840221,2825,91,53
Uttar Pradesh,Kannauj,26.99398862,79.6443794,160,1656616,2488,88,61
Uttar Pradesh,Kanpur Dehat,26.43047641,79.98710083,163,1796184,2682,86,65
Uttar Pradesh,Kaushambi,25.53587532,81.41811282,174,1599596,1503,91,51
Uttar Pradesh,Kushinagar,26.89253068,83.92261542,189,3564544,3486,96,55
Uttar Pradesh,Lalitpur,24.58877161,78.60082331,167,1221592,1079,91,52
Uttar Pradesh,Lucknow,26.83823359,80.89706027,157,4589838,68506,92,68
Uttar Pradesh,Mahoba,25.3452967,79.67863003,169,875958,1316,88,56
Uttar Pradesh,Mainpuri,27.17386862,79.03501851,148,1868529,2642,88,64
Uttar Pradesh,Mathura,27.59390433,77.62153417,145,2547184,8726,86,59
Uttar Pradesh,Mau,26.01082204,83.50582654,192,2205968,2656,98,62
Uttar Pradesh,Meerut,29.02957626,77.80611006,138,3443689,23717,89,62
Uttar Pradesh,Mirzapur,25.10207959,82.60126629,199,2496970,4447,90,57
Uttar Pradesh,Moradabad,28.85177041,78.73580193,135,4772006,11690,91,47
Uttar Pradesh,Muzaffarnagar,29.47050798,77.64017848,133,4143512,10077,89,58
Uttar Pradesh,Pilibhit,28.52024175,79.90103974,151,2031007,2870,89,52
Uttar Pradesh,Pratapgarh,25.86484273,81.93530049,131,867848,716,98,46
Uttar Pradesh,Pratapgarh,25.86484273,81.93530049,173,3209141,5149,100,60
Uttar Pradesh,Rae Bareli,26.25390284,81.22260463,158,3405559,5184,94,58
Uttar Pradesh,Rampur,28.83244727,79.10977333,136,2335819,3847,91,45
Uttar Pradesh,Saharanpur,30.03381165,77.59905148,132,3466382,9699,89,60
Uttar Pradesh,Sant Kabir Nagar,26.79159652,83.03877643,186,1715183,2031,97,56
Uttar Pradesh,Shahjahanpur,27.99138935,79.83022753,152,3006538,3889,87,50
Uttar Pradesh,Sitapur,27.50199596,80.85288881,154,4483992,3874,89,51
Uttar Pradesh,Sonbhadra,24.46693269,83.06816325,200,1862559,5149,92,53
Uttar Pradesh,Sultanpur,26.28463864,82.05710457,179,3797117,5956,98,59
Uttar Pradesh,Unnao,26.63163991,80.63677329,156,3108367,3476,91,57
Uttar Pradesh,Varanasi,25.36057089,82.82529667,197,3676841,19214,91,65
Uttarakhand,Almora,29.68353213,79.50165064,64,622506,1830,114,70
Uttarakhand,Bageshwar,29.98703393,79.83954354,63,259898,435,109,69
Uttarakhand,Chamoli,30.58338611,79.56281096,57,391605,899,102,72
Uttarakhand,Champawat,29.29142394,80.07720212,65,259648,548,98,68
Uttarakhand,Pithoragarh,30.14720632,80.34229231,62,483439,1344,102,71
Uttarakhand,Tehri Garhwal,30.46370092,78.48783793,59,618931,1366,108,66
Uttarakhand,Udham Singh Nagar,29.02779578,79.45629005,67,1648902,7883,92,63
Uttarakhand,Uttarkashi,30.96895855,78.56880615,56,330086,602,96,65
Uttarakhand,Nainital,29.435,79.534,5946,1107342,1134,93.4,83.9
West Bengal,Barddhaman,23.44445389,87.81505811,335,7717563,32323,95,68
West Bengal,Birbhum,24.06389343,87.65153089,334,3502404,5210,96,62
West Bengal,Dakshin Dinajpur,25.34209436,88.6982168,331,1676276,2518,96,65
West Bengal,Darjiling,26.83961957,88.33145067,327,1846823,10943,97,71
West Bengal,Haora,22.40167417,87.99421177,341,4850029,30751,94,74
West Bengal,Hugli,22.87929265,88.00010265,338,5519145,31725,96,74
West Bengal,Jalpaiguri,26.62642031,89.04154375,328,3872846,9322,95,65
West Bengal,Kolkata,22.55058148,88.35276481,342,4496694,136618,91,80
West Bengal,Maldah,25.08026803,88.17191685,332,3988845,5357,94,52
West Bengal,Murshidabad,24.25950655,88.1681686,333,7103807,7951,96,57
West Bengal,Nadia,23.56410971,88.58293035,336,5167600,12787,95,67
West Bengal,Puruliya,23.25419233,86.39685329,340,2930115,3551,96,55
West Bengal,Uttar Dinajpur,26.04461917,88.23595232,330,3007134,2883,94,50
